.value	.lower	.upper	first	second	expression
0.783367267519452	0.305225131040737	1.26129689351824	be right	confirm	confirm
-0.811673863901723	-1.24473812631721	-0.347536171864484	confess	confirm	confirm
0.752398766677262	0.30282180166661	1.22485498899506	confirm	discover	confirm
1.95020568656473	1.44050633195629	2.45456286187106	confirm	final NRRC	confirm
1.34772615130359	0.880734131602795	1.8355667017844	confirm	know	confirm
2.03587066149637	1.4988190566781	2.5722366592974	confirm	medial NRRC	confirm
