.value	.lower	.upper	first	second	expression
-2.13122531290842	-2.64144794983164	-1.62340029466857	be right	know	know
-0.536981236325275	-1.01293025635484	-0.0687804799498762	confess	know	know
-1.34911788889778	-1.82577625586541	-0.884550288455526	confirm	know	know
-0.595296963778698	-1.09444383006959	-0.124870577141014	discover	know	know
0.603663815730905	0.0961998542661142	1.12448532918963	final NRRC	know	know
-0.692819834661802	-1.23518785999659	-0.185047580934208	know	medial NRRC	know
