.value	.lower	.upper	first	second	expression
-1.59424407658314	-2.0827597954454	-1.11514368930454	be right	confess	confess
0.812136652572509	0.362068383496197	1.26937883971406	confess	confirm	confess
0.0583157274534225	-0.380350454453589	0.543627022201488	confess	discover	confess
-1.14064505205618	-1.65497849606627	-0.64496717791349	confess	final NRRC	confess
-0.536981236325275	-1.01293025635484	-0.0687804799498762	confess	know	confess
-1.22980107098708	-1.75199872432732	-0.716817054037231	confess	medial NRRC	confess
