.value	.lower	.upper	first	second	expression
1.59504113142117	1.10115812237403	2.06736755431643	be right	confess	be right
0.783367267519452	0.305225131040737	1.26129689351824	be right	confirm	be right
1.53576603419671	1.05822688449172	2.04068698090929	be right	discover	be right
2.73357295408419	2.21425903346199	3.29294852359696	be right	final NRRC	be right
2.13109341882304	1.61118685294584	2.62981315903944	be right	know	be right
2.81923792901582	2.26544653988871	3.38888250319431	be right	medial NRRC	be right
