.value	.lower	.upper	first	second	expression
1.59504113142117	1.10115812237403	2.06736755431643	be right	confess	confess
-0.811673863901723	-1.24473812631721	-0.347536171864484	confess	confirm	confess
-0.0592750972244602	-0.518017158109104	0.418734962923917	confess	discover	confess
1.13853182266301	0.661924631804663	1.66887414056155	confess	final NRRC	confess
0.536052287401865	0.0593228626564014	0.998580422125695	confess	know	confess
1.22419679759465	0.698591158073063	1.74131138862933	confess	medial NRRC	confess
