.value	.lower	.upper	first	second	expression
-1.53592834912972	-2.02986321441402	-1.04214917614198	be right	discover	discover
0.0583157274534225	-0.380350454453589	0.543627022201488	confess	discover	discover
-0.753820925119087	-1.21312442598985	-0.290450790296518	confirm	discover	discover
-1.1989607795096	-1.70016556476131	-0.692201216557291	discover	final NRRC	discover
-0.595296963778698	-1.09444383006959	-0.124870577141014	discover	know	discover
-1.2881167984405	-1.80394439633637	-0.762640487063883	discover	medial NRRC	discover
