.value	.lower	.upper	first	second	expression
-2.82404514757022	-3.37813203383556	-2.25033285544307	be right	medial NRRC	medial NRRC
-1.22980107098708	-1.75199872432732	-0.716817054037231	confess	medial NRRC	medial NRRC
-2.04193772355959	-2.55382929285763	-1.51385012914921	confirm	medial NRRC	medial NRRC
-1.2881167984405	-1.80394439633637	-0.762640487063883	discover	medial NRRC	medial NRRC
-0.0891560189308969	-0.649463955428844	0.465260370073744	final NRRC	medial NRRC	medial NRRC
-0.692819834661802	-1.23518785999659	-0.185047580934208	know	medial NRRC	medial NRRC
