.value	.lower	.upper	first	second	expression
1.53576603419671	1.05822688449172	2.04068698090929	be right	discover	discover
-0.0592750972244602	-0.518017158109104	0.418734962923917	confess	discover	discover
0.752398766677262	0.30282180166661	1.22485498899506	confirm	discover	discover
1.19780691988747	0.698992002023098	1.70470883823884	discover	final NRRC	discover
0.595327384626325	0.0965232157228781	1.07199573288601	discover	know	discover
1.28347189481911	0.729986957322506	1.79637015506941	discover	medial NRRC	discover
