.value	.lower	.upper	first	second	expression
-1.59424407658314	-2.0827597954454	-1.11514368930454	be right	confess	be right
-0.782107424010634	-1.2628763210811	-0.308228381367795	be right	confirm	be right
-1.53592834912972	-2.02986321441402	-1.04214917614198	be right	discover	be right
-2.73488912863932	-3.27347414793209	-2.21734766868024	be right	final NRRC	be right
-2.13122531290842	-2.64144794983164	-1.62340029466857	be right	know	be right
-2.82404514757022	-3.37813203383556	-2.25033285544307	be right	medial NRRC	be right
