.value	.lower	.upper	first	second	expression
-0.782107424010634	-1.2628763210811	-0.308228381367795	be right	confirm	confirm
0.812136652572509	0.362068383496197	1.26937883971406	confess	confirm	confirm
-0.753820925119087	-1.21312442598985	-0.290450790296518	confirm	discover	confirm
-1.95278170462869	-2.45680561435339	-1.4507748592877	confirm	final NRRC	confirm
-1.34911788889778	-1.82577625586541	-0.884550288455526	confirm	know	confirm
-2.04193772355959	-2.55382929285763	-1.51385012914921	confirm	medial NRRC	confirm
