.value	.lower	.upper	first	second	expression
2.81923792901582	2.26544653988871	3.38888250319431	be right	medial NRRC	medial NRRC
1.22419679759465	0.698591158073063	1.74131138862933	confess	medial NRRC	medial NRRC
2.03587066149637	1.4988190566781	2.5722366592974	confirm	medial NRRC	medial NRRC
1.28347189481911	0.729986957322506	1.79637015506941	discover	medial NRRC	medial NRRC
0.0856649749316372	-0.483442415324638	0.673516205633619	final NRRC	medial NRRC	medial NRRC
0.688144510192783	0.142929805585237	1.22045564119667	know	medial NRRC	medial NRRC
