.value	.lower	.upper	first	second	expression
2.73357295408419	2.21425903346199	3.29294852359696	be right	final NRRC	final NRRC
1.13853182266301	0.661924631804663	1.66887414056155	confess	final NRRC	final NRRC
1.95020568656473	1.44050633195629	2.45456286187106	confirm	final NRRC	final NRRC
1.19780691988747	0.698992002023098	1.70470883823884	discover	final NRRC	final NRRC
-0.602479535261146	-1.12883054804224	-0.0771218389511439	final NRRC	know	final NRRC
0.0856649749316372	-0.483442415324638	0.673516205633619	final NRRC	medial NRRC	final NRRC
