.value	.lower	.upper	first	second	expression
2.13109341882304	1.61118685294584	2.62981315903944	be right	know	know
0.536052287401865	0.0593228626564014	0.998580422125695	confess	know	know
1.34772615130359	0.880734131602795	1.8355667017844	confirm	know	know
0.595327384626325	0.0965232157228781	1.07199573288601	discover	know	know
-0.602479535261146	-1.12883054804224	-0.0771218389511439	final NRRC	know	know
0.688144510192783	0.142929805585237	1.22045564119667	know	medial NRRC	know
