.value	.lower	.upper	first	second	expression
-0.0213046369112089	-0.388190850455015	0.320532721006709	be right	know	know
0.224514204161587	-0.11102422439904	0.559255251964079	confess	know	know
-0.0395691711051602	-0.395875754167637	0.284115612224601	confirm	know	know
0.145671379459649	-0.216239392584599	0.501765074381233	discover	know	know
0.530384278557151	0.169176519332972	0.892062506987255	final NRRC	know	know
-0.668459071112525	-1.0352149180623	-0.315632711061555	know	medial NRRC	know
