.value	.lower	.upper	first	second	expression
-0.166976016370857	-0.533133496203932	0.220018265593491	be right	discover	discover
0.0788428247019384	-0.295743241161883	0.41459066917598	confess	discover	discover
-0.185240550564809	-0.540002178276968	0.174593856677868	confirm	discover	discover
-0.384712899097502	-0.759327090467548	-0.0133178569416367	discover	final NRRC	discover
0.145671379459649	-0.216239392584599	0.501765074381233	discover	know	discover
-0.522787691652876	-0.881126023690485	-0.136448978551402	discover	medial NRRC	discover
