.value	.lower	.upper	first	second	expression
-0.245818841072796	-0.600664123221785	0.104592869856475	be right	confess	be right
0.0182645341939511	-0.335623943287052	0.363038328105997	be right	confirm	be right
-0.166976016370857	-0.533133496203932	0.220018265593491	be right	discover	be right
-0.55168891546836	-0.914042438347449	-0.177525958472574	be right	final NRRC	be right
-0.0213046369112089	-0.388190850455015	0.320532721006709	be right	know	be right
-0.689763708023734	-1.06135866560159	-0.324830735306647	be right	medial NRRC	be right
