.value	.lower	.upper	first	second	expression
-0.245818841072796	-0.600664123221785	0.104592869856475	be right	confess	confess
0.264083375266747	-0.0778663726620655	0.589126489341212	confess	confirm	confess
0.0788428247019384	-0.295743241161883	0.41459066917598	confess	discover	confess
-0.305870074395564	-0.649021871096293	0.0522323558911493	confess	final NRRC	confess
0.224514204161587	-0.11102422439904	0.559255251964079	confess	know	confess
-0.443944866950938	-0.800729648116365	-0.10130690767412	confess	medial NRRC	confess
