.value	.lower	.upper	first	second	expression
0.0182645341939511	-0.335623943287052	0.363038328105997	be right	confirm	confirm
0.264083375266747	-0.0778663726620655	0.589126489341212	confess	confirm	confirm
-0.185240550564809	-0.540002178276968	0.174593856677868	confirm	discover	confirm
-0.569953449662311	-0.932324996643717	-0.215268182370472	confirm	final NRRC	confirm
-0.0395691711051602	-0.395875754167637	0.284115612224601	confirm	know	confirm
-0.708028242217685	-1.06008338508977	-0.363643733471419	confirm	medial NRRC	confirm
