.value	.lower	.upper	first	second	expression
-0.55168891546836	-0.914042438347449	-0.177525958472574	be right	final NRRC	final NRRC
-0.305870074395564	-0.649021871096293	0.0522323558911493	confess	final NRRC	final NRRC
-0.569953449662311	-0.932324996643717	-0.215268182370472	confirm	final NRRC	final NRRC
-0.384712899097502	-0.759327090467548	-0.0133178569416367	discover	final NRRC	final NRRC
0.530384278557151	0.169176519332972	0.892062506987255	final NRRC	know	final NRRC
-0.138074792555374	-0.487809317258648	0.243564112084375	final NRRC	medial NRRC	final NRRC
