.value	.lower	.upper	first	second	expression
0.439250871265153	0.0977937571977002	0.76263681820008	be right	final NRRC	final NRRC
-0.202951853285695	-0.546084711544455	0.100320853196931	confess	final NRRC	final NRRC
-0.67891253362723	-0.991165655799931	-0.36401402069913	confirm	final NRRC	final NRRC
-0.355870253311578	-0.689449455156495	-0.0159873393810726	discover	final NRRC	final NRRC
0.176153784102246	-0.12510899808585	0.495405096235875	final NRRC	know	final NRRC
0.0276111458928235	-0.289886006481812	0.333729666455176	final NRRC	medial NRRC	final NRRC
