.value	.lower	.upper	first	second	expression
1.11816340489238	0.78799678418875	1.46391482285611	be right	confirm	confirm
0.475960680341534	0.151487202636376	0.787636066000976	confess	confirm	confirm
-0.323042280315652	-0.652947465479355	0.00803470666375858	confirm	discover	confirm
-0.67891253362723	-0.991165655799931	-0.36401402069913	confirm	final NRRC	confirm
-0.502758749524984	-0.808649588193903	-0.198282901443674	confirm	know	confirm
-0.651301387734406	-0.951141037107672	-0.338800633446486	confirm	medial NRRC	confirm
