.value	.lower	.upper	first	second	expression
0.79512112457673	0.439719710322292	1.12194687097827	be right	discover	discover
0.152918400025882	-0.189636690224512	0.490534215296541	confess	discover	discover
-0.323042280315652	-0.652947465479355	0.00803470666375858	confirm	discover	discover
-0.355870253311578	-0.689449455156495	-0.0159873393810726	discover	final NRRC	discover
-0.179716469209332	-0.499895535154089	0.124922419244452	discover	know	discover
-0.328259107418754	-0.671739868797298	-0.0187174409411431	discover	medial NRRC	discover
