.value	.lower	.upper	first	second	expression
0.642202724550848	0.299056105132274	0.983397647457318	be right	confess	confess
0.475960680341534	0.151487202636376	0.787636066000976	confess	confirm	confess
0.152918400025882	-0.189636690224512	0.490534215296541	confess	discover	confess
-0.202951853285695	-0.546084711544455	0.100320853196931	confess	final NRRC	confess
-0.0267980691834496	-0.335147654037985	0.277307896523491	confess	know	confess
-0.175340707392872	-0.489915066327212	0.135834288733143	confess	medial NRRC	confess
