.value	.lower	.upper	first	second	expression
0.642202724550848	0.299056105132274	0.983397647457318	be right	confess	be right
1.11816340489238	0.78799678418875	1.46391482285611	be right	confirm	be right
0.79512112457673	0.439719710322292	1.12194687097827	be right	discover	be right
0.439250871265153	0.0977937571977002	0.76263681820008	be right	final NRRC	be right
0.615404655367398	0.3274658442588	0.913911855351322	be right	know	be right
0.466862017157976	0.161741507158527	0.793710206423925	be right	medial NRRC	be right
