.value	.lower	.upper	first	second	expression
0.615404655367398	0.3274658442588	0.913911855351322	be right	know	know
-0.0267980691834496	-0.335147654037985	0.277307896523491	confess	know	know
-0.502758749524984	-0.808649588193903	-0.198282901443674	confirm	know	know
-0.179716469209332	-0.499895535154089	0.124922419244452	discover	know	know
0.176153784102246	-0.12510899808585	0.495405096235875	final NRRC	know	know
-0.148542638209422	-0.438765606008959	0.135865059419085	know	medial NRRC	know
