.value	.lower	.upper	first	second	expression
-3.42021734835592	-4.98311398449448	-2.0267302521075	be right	medial NRRC	medial NRRC
-0.200613190960367	-1.04264539843182	0.631938125544356	confess	medial NRRC	medial NRRC
-1.15606025670641	-2.10452856046769	-0.215858740444682	confirm	medial NRRC	medial NRRC
-2.18618870178573	-3.30096827987562	-1.06104701290753	discover	medial NRRC	medial NRRC
1.02398260564411	0.199092866675624	1.90711969695643	final NRRC	medial NRRC	medial NRRC
-1.44343764402449	-2.3769868824777	-0.475334387384361	know	medial NRRC	medial NRRC
