.value	.lower	.upper	first	second	expression
-4.44419995400003	-6.01811211445258	-2.96241937670963	be right	final NRRC	final NRRC
-1.22459579660448	-2.07474433798382	-0.365828654892888	confess	final NRRC	final NRRC
-2.18004286235052	-3.15507507505816	-1.1980634974265	confirm	final NRRC	final NRRC
-3.21017130742984	-4.35887975790895	-2.06881435776568	discover	final NRRC	final NRRC
2.4674202496686	1.44331357278054	3.43089927268539	final NRRC	know	final NRRC
1.02398260564411	0.199092866675624	1.90711969695643	final NRRC	medial NRRC	final NRRC
