.value	.lower	.upper	first	second	expression
-1.97677970433143	-3.47450129897477	-0.462050984772992	be right	know	know
1.24282445306412	0.28298129081854	2.17149106219263	confess	know	know
0.28737738731808	-0.699559802606151	1.31264153006055	confirm	know	know
-0.742751057761244	-1.92949110158496	0.420002772370209	discover	know	know
2.4674202496686	1.44331357278054	3.43089927268539	final NRRC	know	know
-1.44343764402449	-2.3769868824777	-0.475334387384361	know	medial NRRC	know
