.value	.lower	.upper	first	second	expression
-2.26415709164951	-3.80782832025754	-0.792589338175129	be right	confirm	confirm
0.95544706574604	0.0160635613678779	1.88805613689397	confess	confirm	confirm
1.03012844507932	-0.104977707239846	2.20165917706113	confirm	discover	confirm
-2.18004286235052	-3.15507507505816	-1.1980634974265	confirm	final NRRC	confirm
0.28737738731808	-0.699559802606151	1.31264153006055	confirm	know	confirm
-1.15606025670641	-2.10452856046769	-0.215858740444682	confirm	medial NRRC	confirm
