.value	.lower	.upper	first	second	expression
-3.21960415739555	-4.72802264048914	-1.78723742147984	be right	confess	confess
0.95544706574604	0.0160635613678779	1.88805613689397	confess	confirm	confess
1.98557551082536	0.865558516331755	3.07709399248776	confess	discover	confess
-1.22459579660448	-2.07474433798382	-0.365828654892888	confess	final NRRC	confess
1.24282445306412	0.28298129081854	2.17149106219263	confess	know	confess
-0.200613190960367	-1.04264539843182	0.631938125544356	confess	medial NRRC	confess
